,Id,Machine,LoadLongitude,LoadLatitude,DumpLongitude,DumpLatitude,MassTypeMaterial,Quantity
0,6285896229e60c000011d095,Truck  11,10.334847387003402,59.97340703967419,10.330888509117411,59.974626917802745,Stone,29.0
1,62858a38f726860000304a66,Truck  10,10.33346375486832,59.97381016213143,10.330847492276739,59.974606750041936,Stone,29.0
2,6285caed97b6d900005a4a76,Dumper  1,10.41742857244142,59.940337582829635,10.420832834072039,59.939788071964905,Stone,22.0
3,6285cc0dfc14130000a7ea51,Dumper  1,10.417226874137059,59.94043809527201,10.420829609606715,59.93977055927391,Stone,22.0
4,6285cd33eb0eaa0000cb7b33,Dumper  1,10.417501116847292,59.94032280535514,10.420834437351601,59.939776677988355,Stone,22.0
5,6285ce65c8c1c3000062e5c3,Dumper  1,10.41734775584107,59.94028124617555,10.4205846101079,59.93971989873716,Stone,22.0
6,6285cfc3148d4200003c83de,Dumper  1,10.417005157269246,59.94025405459701,10.42062081923474,59.93972545544796,Stone,22.0
7,6285d00ec77beb0c8c2412eb,Truck  13,10.4204984,59.9398157,10.4203071,59.9398298,Stone,30.0
8,6285d02cb6663700001aed61,Truck  4,10.378217560918548,59.95145218345756,10.32228965624013,59.977672625578066,Stone,15.0
9,6285d10ec77beb0c8c24130d,Truck  13,10.4190604,59.9395696,10.4204964,59.9397799,Stone,30.0
10,6285d17a48a8580000da97b0,Truck  3,10.378689356521177,59.95135448604952,10.37837939868909,59.950455059495475,Stone,16.1
11,6285d2362beae50000dbafae,Truck  2,10.375228867795483,59.952098172484355,10.374819886770007,59.9520115734737,Stone,27.2
12,6285d264bd975c0000903c4f,Dumper  1,10.42066660645396,59.93970694880223,10.421727393317102,59.93950995781797,Stone,22.0
13,6285d2ace867d000007516e2,Truck  14,10.419155008082006,59.93984865649741,10.419770078591187,59.93992167104701,Stone,28.0
14,6285d2e286462b0000280690,Dumper  1,10.421709194370882,59.93951058943531,10.422491349584115,59.939042620324045,Stone,22.0
15,6285d31dc262230000ba2521,Truck  5,10.375188805978688,59.952104160304934,10.374790588403469,59.95207213802259,Stone,30.0
16,6285d3986153dd00000005d0,Truck  9,10.419195713369158,59.93982684507033,10.420586069730223,59.93971726526308,Stone,30.0
17,6285d3dac77beb0c8c24145a,Truck  13,10.378715,59.9514256,10.32235,59.9775579,Stone,30.0
18,6285d445600fc800009bfbfc,Dumper  1,10.421752670988731,59.93953446459143,10.42247583506863,59.939015759337344,Stone,22.0
19,6285d4c38cc1db000048d47d,Truck  6,10.375211569704742,59.95210194791034,10.37466637604295,59.952054073304,Stone,28.0
20,6285d526df41ec0000f7b6b6,Truck  12,10.378665352915656,59.951380181456855,10.32163604901967,59.97676296944585,Stone,28.0
21,6285d55dfa2bdf0000799bd2,Truck  2,10.375267764432634,59.952096486356425,10.374625759257952,59.95203119773956,Stone,27.2
22,6285d5f2353d8d0000b8dee3,Dumper  1,10.421738015961743,59.939537151718824,10.422482118909414,59.939012171272914,Stone,22.0
23,6285d61e41ca160000b7955f,Truck  9,10.419192692306522,59.93982871540696,10.420536008759726,59.93973707272168,Stone,30.0
24,6285d6550642c80000663d65,Truck  5,10.375113907794239,59.952111439620026,10.374596714983111,59.95204410055648,Stone,30.0
25,6285d658a867a800008f2533,Truck  4,10.378660337215667,59.9513452474886,10.322223453567036,59.97766631921684,Stone,15.0
26,6285d74675d0140000649295,Truck  7,10.375212308824931,59.9521020122547,10.37470844550142,59.952064596482586,Stone,28.0
27,6285d84e15776f00000b8896,Truck  6,10.374360591692716,59.95254949817278,10.374718569296997,59.9520467317031,Stone,28.0
28,6285d875a52c5f0000decff0,Truck  3,10.378650616297167,59.951339211164004,10.378459273040818,59.95044073295263,Stone,16.1
29,6285d8a279e4b60000283724,Truck  9,10.419164624712444,59.939845613835885,10.420515129400673,59.939739293094185,Stone,30.0
30,6285d92b369f760000781ad8,Truck  2,10.375178731174874,59.9520187887601,10.374648657445498,59.951970936580324,Stone,27.2
31,6285d93694975f00004538d8,Dumper  1,10.41504708573331,59.94066710096545,10.420602743872921,59.939711244781144,Stone,22.0
32,6285d9f8c77beb0c8c2418c2,Truck  13,10.3787662,59.9514241,10.3229985,59.9768004,Stone,30.0
33,6285d9fa758dec000046f423,Truck  5,10.375149194893602,59.95210801008542,10.374649772430187,59.95207016827534,Stone,30.0
34,6285da8052a96a0000385395,Truck  7,10.375208923629605,59.95210220508104,10.374698532255504,59.95206898059829,Stone,28.0
35,6285daccc96ecf00002c2f7f,Truck  9,10.41916735054727,59.93984400983768,10.420385552068716,59.939768187901784,Stone,30.0
36,6285db2c088f1a0000386718,Truck  3,10.37861301961837,59.951341705184724,10.378461071771124,59.950428298726365,Stone,16.1
37,6285db69a954ff00009d621c,Dumper  1,10.415832447101852,59.94048219835755,10.420797135839551,59.93973936569747,Stone,22.0
38,6285db70f513910000e2b811,Truck  6,10.37669862956849,59.95228697085743,10.374733473708876,59.952052206644225,Stone,28.0
39,6285dc0a0951ba0000ce2c92,Truck  2,10.375200600866142,59.95210301396608,10.374664337073312,59.952036092954266,Stone,27.2
40,6285dc11031c9500002bd432,Truck  12,10.37860213052981,59.95137173007127,10.321608685688844,59.97675094576495,Stone,28.0
41,6285dcd398ebef0000a97bdb,Truck  5,10.375198139380082,59.952103253196576,10.374695202345377,59.9520206312276,Stone,30.0
42,6285dd1883b78300004284ba,Truck  9,10.419187905523179,59.9398315977995,10.420552311013987,59.93970372701398,Stone,30.0
43,6285dd9aedd6ac0000793f29,Truck  4,10.377625905916616,59.95153578707588,10.322185339395837,59.97763024980067,Stone,15.0
44,6285ddd1f2e5ce000033c92f,Dumper  1,10.419183084744759,59.939833508716,10.422786781959015,59.93948941650058,Stone,22.0
45,6285de13b53e460000159602,Truck  3,10.378192276265521,59.951742477753484,10.378358542424596,59.95058719361437,Stone,16.1
46,6285de5c84124300003e7152,Truck  7,10.375290310832824,59.952084591439714,10.374724409974068,59.952061066891936,Stone,28.0
47,6285df8650fddc00006af435,Truck  9,10.417452947085636,59.94016432098111,10.42052897539054,59.9396928441631,Stone,30.0
48,6285dfea79fab20000d271cf,Truck  3,10.378637190883012,59.95133451426768,10.378501564478437,59.95041744181964,Stone,16.1
49,6285e0071f269e0000182dff,Truck  6,10.376714891762562,59.95228272971351,10.37669162068291,59.95232195330612,Stone,28.0
50,6285e08675d8090000d5a70c,Dumper  1,10.413737345170961,59.94124670260129,10.422729723438671,59.93944773928071,Stone,22.0
51,6285e0de6adaa60000795523,Truck  2,10.375148777830736,59.95210530192254,10.374640319427211,59.95204784478838,Stone,27.2
52,6285e1a5b9cdef0000c31b7c,Truck  12,10.378482661940483,59.951599099095034,10.321616717323169,59.97676771405294,Stone,28.0
53,6285e1b722a0a10000890298,Truck  5,10.374992511735874,59.9520341719432,10.3745247982539,59.95207192847501,Stone,30.0
54,6285e252cd6d8b0000ad7512,Truck  9,10.419186049301118,59.93983268221202,10.322086934889962,59.977528782002025,Stone,30.0
55,6285e2cb400f8500007c3357,Truck  7,10.37524332184072,59.95209393989506,10.374606876378657,59.95208036211204,Stone,28.0
56,6285e2fc1094800000aa7407,Truck  4,10.378120192974274,59.95177646936694,10.322218113190214,59.977615070956645,Stone,15.0
57,6285e3821625920000410eda,Dumper  1,10.417071993867554,59.94021713007926,10.422595024484867,59.939299167683025,Stone,22.0
58,6285e43e791ca400000ff4c8,Truck  2,10.37520366184414,59.952102716472645,10.374618427105656,59.95203824167148,Stone,27.2
59,6285e4df31f36d00001ece5b,Truck  5,10.37535553405399,59.952087956091106,10.374593948955065,59.952077502440616,Stone,30.0
60,6285e4e6c77beb0c8c242409,Truck  13,10.3788086,59.9514369,10.3236159,59.9767078,Stone,30.0
61,6285e58d6ccfb60000a689cf,Truck  7,10.375162249299322,59.95210674076955,10.374649815994172,59.9520996766735,Stone,28.0
62,6285e612db9ff000006c0828,Truck  3,10.378305417135495,59.951645836259026,10.378316972577025,59.950642953321164,Stone,16.1
63,6285e63ab7861d000093b789,Truck  6,10.37339821927413,59.95339064144642,10.374641960822474,59.952095305964406,Stone,28.0
64,6285e6da5bbf4f000016e3a1,Truck  2,10.375494005224153,59.95191657953026,10.374762845143385,59.952092604496585,Stone,27.2
65,6285e75c757e5600001af168,Truck  12,10.378687184367685,59.951375070061765,10.3214767576134,59.97704971255557,Stone,28.0
66,6285e870faffa90000e7ea5c,Truck  7,10.375443460281497,59.95190797251649,10.374699019155063,59.95210008453043,Stone,28.0
67,6285e89dd9c284000082db3f,Dumper  1,10.421618732545467,59.9394090899901,10.422486788389104,59.93905028250463,Stone,22.0
68,6285e8ad88e025000014d5e2,Truck  4,10.377883418373518,59.951721531202175,10.322455964471041,59.97762211116091,Stone,15.0
69,6285e8e8ad57d8000087dcc6,Truck  5,10.374608114371425,59.952064678128764,10.374790504584437,59.951866865213916,Stone,30.0
70,6285e9720d057e000001be40,Truck  3,10.378517333168178,59.95143823603802,10.378357181060476,59.950626456925505,Stone,16.1
71,6285e9ef4bfa940000095c68,Truck  2,10.375117063222612,59.95211156532691,10.374588289150593,59.952064043111044,Stone,27.2
72,6285ea670d88cd0000bcb130,Dumper  1,10.421708434077578,59.93951689759138,10.422482538209199,59.939030895404755,Stone,22.0
73,6285ead64d1dff00005e0258,Truck  5,10.375234410256255,59.95209972804923,10.374452713886624,59.952062037829265,Stone,30.0
74,6285eb4c39f3c70000ee2a14,Truck  3,10.378677378410746,59.95135679136614,10.37828093675745,59.95068994875049,Stone,16.1
75,6285ebca3d99c20000dc6992,Truck  7,10.375234342133911,59.95209973467,10.374610273758682,59.95210377211367,Stone,28.0
76,6285ebce3af0640000fa79e6,Truck  9,10.421234020745347,59.93952476217028,10.322385357770827,59.97749830200995,Stone,30.0
77,6285ec3f0c418300000f2d37,Dumper  1,10.421636488200233,59.93942824208257,10.42247228658355,59.939014283779215,Stone,22.0
78,6285ecaac77beb0c8c242e87,Truck  13,10.3788959,59.951438,10.3223315,59.9775009,Stone,30.0
79,6285ed3b96d9bf0000b905cc,Truck  6,10.375193148769586,59.952103738231344,10.374636111246964,59.95209120899743,Stone,28.0
80,6285ed6f4732af0000384d19,Truck  2,10.375158819414011,59.95210707468337,10.374667647381575,59.95210963432932,Stone,27.2
81,6285ed95ab61b300004e1c81,Truck  4,10.379545097093331,59.94867019251297,10.384272002461376,59.94736359519511,Stone,15.0
82,6285edbd34014000000d1e67,Truck  12,10.378620327703096,59.9513672756037,10.322231772185363,59.97757573766096,Stone,28.0
83,6285ee348fa0c00000dfb4fe,Truck  5,10.375110069416134,59.95211181281042,10.374550111601478,59.952081777211234,Stone,30.0
84,6285ee5b09ff7c0000eb47c8,Dumper  1,10.421742843857164,59.93949613070683,10.422467498635056,59.93903589568625,Stone,22.0
85,6285ee78a6dd4d00003f0fd3,Truck  14,10.42120955842048,59.939543223812585,10.322197383167758,59.977584809833054,Stone,28.0
86,6285eedbb3b3c600009ad080,Truck  7,10.375230738308847,59.95210008492386,10.374643609011944,59.952126151250695,Stone,28.0
87,6285ef87ca678c000042fa5e,Truck  3,10.37877142419998,59.95145005617576,10.378371851668403,59.95062196208038,Stone,16.1
88,6285efd7d092350000a17070,Truck  6,10.375208974758989,59.95210220120262,10.374650581811395,59.952105004898975,Stone,28.0
89,6285effce52d890000ea9eb9,Truck  4,10.379545162104467,59.94864681847927,10.384128935876628,59.94745831670773,Stone,15.0
90,6285f0519e58600000fc0eb3,Dumper  1,10.421586844832133,59.93942581295566,10.42245571549511,59.939004186253406,Stone,22.0
91,6285f091e9c6a800008ee0d0,Truck  2,10.375242601001789,59.952098931994975,10.374632986566658,59.95212084868792,Stone,27.2
92,6285f0dcb9581200005553ad,Truck  4,10.379602662930331,59.948555750207554,10.384191638056164,59.94731429401568,Stone,15.0
93,6285f10adcbfca0000408502,Truck  3,10.378671226153141,59.95133164575546,10.378371034763253,59.95061713896457,Stone,16.1
94,6285f1475b612e00009ce9c8,Truck  5,10.375164885743555,59.9521064851,10.374489845717674,59.95210172614078,Stone,30.0
95,6285f2230968930000d6ad63,Truck  7,10.375184060821946,59.952104621981796,10.374572940179382,59.9521082654957,Stone,28.0
96,6285f257c77beb0c8c243749,Truck  13,10.3787657,59.9514245,10.3221834,59.9775859,Equipment,30.0
97,6285f258fdeab70000b96e11,Dumper  1,10.421793046011242,59.93951032559822,10.422462098646365,59.93900135592674,Stone,22.0
98,6285f27cd96d2f0000760386,Truck  4,10.379632194076382,59.948524146992916,10.384121216686006,59.94745191973403,Stone,15.0
99,6285f302c1a9d10000af08f7,Truck  6,10.375622000422943,59.95216440277791,10.374621168753487,59.95206010673231,Stone,28.0
100,6285f385360daf00008456bf,Truck  3,10.378478649546402,59.951617995116365,10.3785268172026,59.95032100405642,Stone,16.1
101,6285f3ed05911c0000134ab3,Truck  2,10.37517458236818,59.95210554269015,10.374773085020896,59.95208413277583,Stone,27.2
102,6285f4079fe5f40000f70f00,Truck  9,10.421212557577864,59.93953886692404,10.32228779118037,59.977643362722155,Stone,30.0
103,6285f41c18d94800009a8f0a,Dumper  1,10.42178049688103,59.93951369920658,10.422480660603503,59.93898793892396,Stone,22.0
104,6285f488914f4c0000531fd4,Truck  12,10.378635909856705,59.95135762196182,10.332023509839178,59.974381008731356,Stone,28.0
105,6285f4c18480470000e90845,Truck  5,10.37524192152138,59.952098998033314,10.37449353375507,59.95215063454579,Stone,30.0
106,6285f4e3955fd4000043739a,Truck  4,10.378409131749281,59.94939910485373,10.383957667125973,59.94731778838878,Stone,15.0
107,6285f5bd6c57830000ffa189,Truck  7,10.375204106520005,59.95210267512565,10.322316481273333,59.97766613118465,Stone,28.0
108,6285f5ecb102ba0000490515,Truck  3,10.3786286746452,59.95132524299326,10.378483617933544,59.95042165311436,Stone,16.1
109,6285f61c9930a8000044c53d,Truck  14,10.421180665807091,59.93953352076286,10.322193824887638,59.97746414536522,Stone,28.0
110,6285f620773576000072fcd7,Truck  4,10.378258968104516,59.94938746250692,10.384194368157187,59.947348248045444,Stone,15.0
111,6285f6d18c45740000919522,Truck  6,10.375241257759226,59.95209906254402,10.37467871086412,59.95211440427129,Stone,28.0
112,6285f7aac77beb0c8c243eb3,Truck  13,10.3787852,59.9514522,10.3223106,59.9776878,Stone,30.0
113,6285f7dfa87e7b0000cef53a,Truck  4,10.384375607826748,59.94722212493731,10.322838684948543,59.97732858765009,Stone,15.0
114,6285f82388c56b0000a1790a,Truck  2,10.375235228404694,59.95209964853381,10.322490156068516,59.97772639890341,Stone,27.2
115,6285f8dc2bc2470000f8c1fc,Truck  3,10.378278967443295,59.95166633197639,10.377589963262382,59.951821863753736,Stone,16.1
116,6285f901ccc4e40000e230a6,Dumper  0,10.389939825527385,59.946519112627655,10.387996841480703,59.94678192243603,Soil,40.0
117,6285fac8d6649f00002c75f9,Truck  3,10.378719344123477,59.95129599727771,10.37846425411365,59.950585226028196,Stone,16.1
118,6285fc197eeff600009058c7,Dumper  1,10.422431446327808,59.93901071234037,10.420675841086313,59.93970418823045,Stone,22.0
119,6285fccdeb6fb2000064e3b8,Truck  4,10.326629202903327,59.9759826260482,10.323929251338605,59.97645263087895,Soil,15.0
120,6285fd3ea20d3b0000cea453,Truck  3,10.378732389966723,59.951314455302786,10.378591617338602,59.95033624783159,Stone,16.1
121,6285fe46c3ae050000a6af88,Truck  4,10.32662837897021,59.975978264749415,10.32487341773855,59.97687661464419,Soil,15.0
122,6285fe5ac77beb0c8c244a88,Truck  13,10.3787706,59.9514283,10.3224385,59.9777458,Stone,30.0
123,6285ff862b9991000007f72a,Truck  3,10.378642690584059,59.95132378028994,10.378611408964296,59.95036630926822,Stone,16.1
124,6285ff974286280000e9811f,Truck  4,10.326704625434305,59.97598040736285,10.326734151110394,59.97594155701569,Soil,15.0
125,628600eaffe66b00009f99f2,Truck  12,10.331635533150688,59.97448200000697,10.32256142843164,59.977763164912716,Stone,28.0
126,628600efb2657f0000dc6445,Truck  4,10.326731795248245,59.97594086412015,10.3236105853556,59.976556521679655,Soil,15.0
127,628601a2f289490000821c14,Truck  5,10.331636207385284,59.97447553650598,10.32250486315258,59.97749373788012,Stone,30.0
128,628601e25300920000040db0,Truck  3,10.378712439842188,59.95134737878391,10.378603706902549,59.95032304815602,Stone,16.1
129,628601ffe03cfb00002c90b1,Truck  4,10.326735497962108,59.97594887851966,10.323478028490426,59.97649217249705,Soil,15.0
130,6286027aaee5ec000006c9f5,Dumper  0,10.389004136104605,59.94648869619216,10.388876572064975,59.94653751271347,Stone,40.0
131,628602f36fbb9b00009d0a51,Truck  2,10.331672655541515,59.974465348978164,10.322468599074115,59.977713077988376,Stone,27.2
132,628603110831d300001a08c8,Truck  4,10.326705101289873,59.975938276764616,10.32340251809399,59.97650023506075,Soil,15.0
133,6286038faf86c70000e248ea,Truck  12,10.331624420874213,59.974479410504095,10.322348306726752,59.97770135637532,Stone,28.0
134,628603a3d442200000d2895e,Truck  3,10.37865385445575,59.95137744552727,10.378568206986888,59.95031067667674,Stone,16.1
135,6286042ad0fdab00008f9f38,Truck  4,10.326704291257048,59.97596630155221,10.32333030890697,59.97651073644994,Soil,15.0
136,628604ac46ec8100000a34e8,Truck  5,10.331640099977438,59.974474108527005,10.322332447404342,59.977660789210326,Stone,30.0
137,6286054a38b0630000d8c9d1,Truck  7,10.331697426270937,59.974456160137464,10.32267527406832,59.97758404512049,Stone,28.0
138,62860553d89835000027e441,Truck  4,10.32672854655294,59.9759757021631,10.323117736996519,59.97649675190657,Soil,15.0
139,628605ec7fad5f00006af0d5,Truck  2,10.331689103865367,59.974459249449886,10.32222357911276,59.97763859146203,Stone,27.2
140,6286067144dde900003a69a7,Truck  14,10.419019608938724,59.9398689077909,10.420550698116216,59.93970336949781,Stone,28.0
141,628606892a9db1000007e54a,Truck  6,10.331585450643908,59.97448350861063,10.32219132032636,59.977608030657926,Stone,28.0
142,6286069730f54a0000d19cf0,Truck  9,10.420568575257391,59.93967567489011,10.420563103526888,59.93967465691081,Stone,30.0
143,6286073ac2be4e0000986c66,Dumper  1,10.4190236400764,59.93986736894523,10.420694598610199,59.939705852099415,Stone,22.0
144,6286074dbc8e0100004ea407,Truck  12,10.331639614946866,59.97448028686593,10.322107566948109,59.97760498574305,Stone,28.0
145,628607bf989d6c00008ce3dc,Truck  9,10.419163506413792,59.93982620594551,10.420564540319178,59.93970079629755,Stone,30.0
146,628608629b3c560000d9b856,Truck  5,10.33166665391139,59.97446436608986,10.32197177411087,59.97753983834756,Stone,30.0
147,628608954e5970000088a2ef,Truck  14,10.419021308518028,59.93986826054186,10.420551056899503,59.93973853393692,Stone,28.0
148,6286093bee6d3400003ae15c,Dumper  1,10.419023855183081,59.93986717962439,10.420760719332382,59.939739340688824,Stone,22.0
149,628609c5992d1e00006aadf8,Truck  2,10.33169919495356,59.97445550367818,10.322052913885177,59.977584718404394,Stone,27.2
150,628609f08b2ad6000021fc6c,Truck  9,10.42023931228104,59.93951905875883,10.420601275400836,59.93967902870347,Stone,30.0
151,62860a7774714c00004ccccf,Truck  7,10.32209045317664,59.97758981628994,10.322104409140424,59.97759228186153,Stone,28.0
152,62860a8d56e332000000b010,Truck  6,10.331589172128782,59.974468453622826,10.331585435172618,59.974483800326006,Stone,28.0
153,62860ad3b33c840000c295c9,Truck  14,10.41901965801939,59.93986887108866,10.420374737273793,59.9397601339581,Stone,28.0
154,62860b32fdbcbb00009e0f0e,Truck  12,10.331629895800958,59.97448427997945,10.322139865968156,59.9776376694581,Stone,28.0
155,62860b63e0cc130000c75a32,Dumper  1,10.419023613938284,59.93986733998882,10.420730926350865,59.93970426982721,Stone,22.0
156,62860c4f6eaf5900003be8e0,Truck  9,10.420417979433736,59.93946720577365,10.42060369612608,59.93968539538929,Stone,30.0
157,62860ca19e97dd00003db467,Truck  5,10.331633713225045,59.97447645157943,10.322126252586322,59.97756976174188,Stone,30.0
158,62860d86cd67cb00005f8b01,Truck  7,10.331651284586302,59.97447328478135,10.322241728481869,59.97762793726198,Stone,28.0
159,62860e81c26e920000cd7a8a,Dumper  1,10.419070863581432,59.939847458791306,10.420769828098509,59.93967713608357,Stone,22.0
160,62860e8674367f000004eca3,Truck  2,10.33138998390729,59.974554885432994,10.322277954250211,59.97764741825338,Stone,27.2
161,6286103013650a00002cfd15,Truck  9,10.419160495456866,59.93985198641722,10.420576618857991,59.93969371037494,Stone,30.0
162,6286103a9f16e400006ef2bb,Truck  12,10.331668931347977,59.974468450683005,10.322314230861274,59.97770070623538,Stone,28.0
163,628610d570b95600004c2e9e,Truck  5,10.331705265450994,59.97445020004141,10.322327166805344,59.977648258265084,Stone,30.0
164,6286114cef7e17000011342e,Dumper  1,10.419143781556366,59.93983419930543,10.420755596651473,59.93967788088545,Stone,22.0
165,62861156c78e5d0000927dd7,Truck  4,10.32673441479661,59.97601297956286,10.323052599982972,59.97676560654599,Soil,15.0
166,628611700288620000e9f259,Truck  7,10.331707152605688,59.97445255033337,10.322379994162992,59.977660461208124,Stone,28.0
167,628611fa09b7340000a592d1,Truck  2,10.331835456865544,59.97453186814131,10.322469749293056,59.977761164801514,Stone,27.2
168,62861220dd690600007aa6c1,Truck  14,10.419019745500629,59.93986890376109,10.42061531416276,59.939699823037145,Stone,28.0
169,6286127ed2fa2700007935d6,Truck  4,10.326842008064897,59.97591205192623,10.322900477006955,59.97651607162223,Soil,15.0
170,6286128db40a410000e21989,Truck  9,10.41921654672301,59.93980991765106,10.420630869722366,59.9396864539066,Stone,30.0
171,6286129df9f55e0000ac0604,Dumper  0,10.38993430695585,59.946500077634546,10.387575408493788,59.94676269746432,Soil,40.0
172,628612de0d4dcc000075c8f8,Truck  6,10.331631998763656,59.97448160415576,10.322382936999691,59.977635868362405,Stone,28.0
173,62861352cbb9930000d2dd49,Dumper  1,10.419019294278018,59.93986914125853,10.420770285186492,59.93973046932692,Stone,22.0
174,6286138d3741f6000035ff88,Truck  12,10.331611313852935,59.97449221223312,10.322545070662171,59.977767766570295,Stone,28.0
175,628613ea794a4400004dbfe5,Truck  14,10.419021755877782,59.93986809324778,10.419021061099643,59.93986835211637,Stone,28.0
176,62861406864c1e00002823ab,Truck  3,10.379526319858941,59.9486649373601,10.429473759547442,59.93801185665236,Stone,16.1
177,62861455ed38eb000058ab32,Truck  5,10.33167494950141,59.974461322550766,10.322525734091478,59.97779670177025,Stone,30.0
178,628614a31fbdc800008d898f,Truck  9,10.420191586270334,59.93953237904777,10.420641920182852,59.93968947663889,Stone,30.0
179,628614d908448a000048094d,Truck  4,10.326887122498071,59.97611417491311,10.322623387902627,59.97665391036399,Soil,15.0
180,628615c80fffa90000215460,Dumper  1,10.41901959885842,59.93986869629251,10.420779715795653,59.93966967068922,Stone,22.0
181,628615fba4dbd10000ab94bf,Truck  4,10.326890236089113,59.97611540207047,10.322689109595242,59.976853682847704,Soil,15.0
182,6286165a9727bf0000e414e1,Truck  2,10.3316217254583,59.97448565900536,10.331872354063568,59.97452445245833,Stone,27.2
183,628616896b798200009dd16a,Truck  14,10.419019612060644,59.939868888479644,10.418681869068337,59.940024102276475,Stone,28.0
184,628616ffbf1af80000c75992,Truck  7,10.322440669973611,59.977787289089996,10.322436328171772,59.977786642517685,Stone,28.0
185,628617a19da08300001a118c,Truck  9,10.419023871490904,59.93986389053644,10.420615526219354,59.939694247116776,Stone,30.0
186,628617cd71a7c900003ed850,Dumper  1,10.419026095515129,59.93986639222876,10.420791262815346,59.939744389824845,Stone,22.0
187,6286189b9889fd0000b0fa84,Truck  14,10.41901996545161,59.93986875739874,10.42185761250206,59.93937995899561,Stone,28.0
188,628618a241584b000062b5ea,Dumper  0,10.39304370965804,59.945887887882705,10.392082767818946,59.94583431289732,Stone,40.0
189,62861953825a190000d34f9c,Truck  3,10.378533139774941,59.95160058751975,10.378669418846487,59.95026503846604,Stone,16.1
190,6286196eb1f20d0000d00786,Truck  9,10.419165643763442,59.939825752135924,10.420648740822463,59.93976792435848,Stone,30.0
191,628619fd0b9d88000016e084,Dumper  1,10.419217308781628,59.939814241324285,10.420773569731578,59.93977907780926,Stone,22.0
192,62861a082abcbb0000a8494c,Dumper  0,10.393016759098202,59.945887585152406,10.391972818959811,59.9458797856248,Stone,40.0
193,62861a44c77beb0c8c247d10,Truck  13,10.3788551,59.9513281,10.3223747,59.9776572,Stone,30.0
194,62861b684b0c150000782494,Truck  9,10.419207311042,59.93981253194941,10.420674046736183,59.93972595788625,Stone,30.0
195,62861b6a97bc5e00005dc3b2,Dumper  0,10.393026728081736,59.94591497905683,10.391936463338883,59.94586942613459,Stone,40.0
196,62861b6e1dea50000066d86d,Truck  4,10.378119153340558,59.951538889433,10.322246539299913,59.977730234295365,Stone,15.0
197,62861b97e9c1dd0000bb1cc3,Truck  12,10.33138365293586,59.974722085261696,10.322393249327305,59.97776086170496,Stone,28.0
198,62861c05bbdf610000da57cd,Dumper  1,10.419038424594365,59.939863346299184,10.420812617383545,59.93967925614225,Stone,22.0
199,62861c3c9612fe00009783ca,Truck  3,10.377923988852743,59.95164254888425,10.378595137439547,59.950248558474385,Stone,16.1
200,62861cb55a927d000041cc0f,Dumper  0,10.393085791981296,59.945837027566014,10.391928012423545,59.9458690095663,Stone,40.0
201,62861d320d754500003bffae,Truck  9,10.419220756815056,59.939808432851464,10.42055377548385,59.9397400987571,Stone,30.0
202,62861dce9a934100007544aa,Dumper  1,10.419022507152803,59.93986780768336,10.420813458308238,59.93968880026703,Stone,22.0
203,62861e01d4c6230000fe809b,Dumper  0,10.393076401593996,59.94588560263073,10.391893827073384,59.945907904471376,Stone,40.0
204,62861f12f05d5d0000546910,Truck  9,10.41921482695194,59.93981064712808,10.420635842189009,59.93973872197815,Stone,30.0
205,62861f7282b0ec0000f63eaa,Dumper  0,10.393095600927909,59.9458860634642,10.391872367166748,59.94590921621599,Stone,40.0
206,62861fbe378d0b0000416d0c,Dumper  1,10.41902413926194,59.93986712752134,10.420863729612385,59.939734301351,Stone,22.0
207,62861fcf5e0ceb00006403d4,Truck  4,10.379561148577134,59.94863622957985,10.430018341362723,59.93787664745253,Stone,15.0
208,62862069c77beb0c8c248bc5,Truck  13,10.3788812,59.9512589,10.3223018,59.9776379,Stone,30.0
209,628620cf97114d000007a204,Dumper  0,10.393145224552391,59.94590490283468,10.391900671704592,59.94590400448334,Stone,40.0
210,628620ec04a07c000061036c,Truck  9,10.419012627235357,59.93986661643556,10.420693555466821,59.93970685823683,Stone,30.0
211,628621849abb930000f2dcd7,Truck  7,10.378743537756808,59.951316533094534,10.322748351124607,59.97746319153266,Stone,28.0
212,62862192fb17090000660cfd,Dumper  1,10.419022471756513,59.93986768038309,10.420852153574483,59.93969152799389,Stone,22.0
213,6286221669ab530000c5fc42,Dumper  0,10.393153183965236,59.94590934106001,10.391886461589651,59.94591274183181,Stone,40.0
214,628622c116f7e800008f709e,Truck  3,10.378813196898964,59.95128321238738,10.378525878744973,59.950455905773474,Stone,16.1
215,62862329de04db0000b4db71,Truck  4,10.379563611433216,59.94864620892029,10.429651980438175,59.93798926769186,Stone,15.0
216,62862377517f2600004cf544,Dumper  0,10.39318140097172,59.94592378134799,10.391869861814454,59.94591779417236,Stone,40.0
217,6286237b5ae665000020bd2f,Dumper  1,10.419022042176481,59.93986797160935,10.42085329183706,59.939670893423994,Stone,22.0
218,6286239b0361a50000cdebbb,Truck  9,10.419848220427692,59.93967653863429,10.322099203580661,59.977622224816045,Stone,30.0
219,6286241d55970b0000809702,Truck  11,10.419017949588447,59.939868941723056,10.420699624395521,59.93973505910385,Stone,29.0
220,628624512d7dde000047e2da,Truck  10,10.37870684302721,59.951297746040225,10.322125021854182,59.97764553939837,Stone,29.0
221,628625079ef3af00005eba3c,Dumper  0,10.393212997066287,59.94591568905274,10.391841487058123,59.945892167178066,Stone,40.0
222,62862551dca00c00008c14e4,Truck  6,10.377860860038677,59.951649983449045,10.322039208393273,59.97762103830804,Stone,28.0
223,6286255fbe7f200000d67151,Dumper  1,10.419015447130764,59.939869774951134,10.42085478879976,59.93967190557474,Stone,22.0
224,628626001309980000094b05,Truck  11,10.41902423778601,59.93986720525203,10.420708125687712,59.93972633533021,Stone,29.0
225,6286269e47898200008505b3,Dumper  0,10.393223191769753,59.945887743451756,10.391843011535048,59.945908046760856,Stone,40.0
226,628626c291f33300002b7df6,Truck  4,10.37966590459437,59.948616490682774,10.430564298429294,59.93768614902788,Stone,15.0
227,628626d9fabd8b0000e21575,Truck  3,10.378010817755403,59.951650549889656,10.37865634293338,59.9503016600948,Stone,16.1
228,6286275407cade000015edea,Dumper  1,10.419012319547349,59.939870837210435,10.420848145620054,59.93968137384878,Stone,22.0
229,628627ae505b7e000074d13a,Truck  12,10.378654728221646,59.95139141486809,10.321657984793825,59.97675002728582,Stone,28.0
230,62862803e6c18700002f24c9,Truck  5,10.379527453342806,59.94873106950889,10.33066850156554,59.97418401768429,Stone,30.0
231,628628072e70d50000da0ca1,Dumper  0,10.393247170745113,59.945869890714306,10.391820068692768,59.945888836908914,Stone,40.0
232,628628180fa36a0000749047,Truck  11,10.419048178832542,59.93986070876975,10.420717765506476,59.9397113739201,Stone,29.0
233,628628f549fc100000e80fd6,Dumper  1,10.419016233861822,59.939869900145425,10.42084897787063,59.93967619867543,Stone,22.0
234,6286298e1de99400001b6d8b,Dumper  0,10.393217849349918,59.94589887327974,10.391793850119793,59.94589800861254,Stone,40.0
235,62862a2b5e3e0200002af7d7,Truck  7,10.419027367773525,59.939866615200835,10.32205260548707,59.97757075235546,Stone,28.0
236,62862a6204f46e00004728c3,Truck  8,10.3787333974299,59.951374236387835,10.322017257521226,59.977562260188094,Stone,26.0
237,62862ad42138d50000403f0f,Truck  11,10.419020314328703,59.93986861330354,10.420733506745885,59.93969745965743,Stone,29.0
238,62862b07c945940000239721,Dumper  0,10.393295192784256,59.945904179652096,10.391811640159577,59.94590577112473,Stone,40.0
239,62862bc703c3da000051bad4,Truck  3,10.379079906012402,59.95136418001272,10.378124008013197,59.950498218216254,Stone,16.1
240,62862bf83880e000006a452e,Dumper  1,10.41902148321853,59.939868182810805,10.420878976816763,59.9397274699915,Stone,22.0
241,62862c1336247a00000512d4,Truck  5,10.378078222284445,59.94935782631854,10.330758774662698,59.9740513740666,Stone,30.0
242,62862c78bdfa7e0000317e8d,Dumper  0,10.39328298238405,59.94591051055694,10.391792172043353,59.945890306072535,Stone,40.0
243,62862ccecd37ca00005322ec,Truck  4,10.378679372597603,59.95142995753336,10.322619369538192,59.97739426459111,Stone,15.0
244,62862d9dbe53de0000cd81e4,Truck  12,10.378701624075681,59.95133103580906,10.32174700490731,59.97671491385828,Stone,28.0
245,62862dd22967ac000083977a,Truck  2,10.421573655677589,59.93954962712664,10.322907640308662,59.97740403235044,Stone,27.2
246,62862e112cdaf10000a569b5,Dumper  0,10.393343699044504,59.945906669882056,10.391836053450191,59.94589065475929,Stone,40.0
247,62862eb477c1e20000a13885,Truck  6,10.421408084356036,59.93955718801928,10.322138630045227,59.97763156531292,Stone,28.0
248,62862f01eb70d3000084b18f,Truck  3,10.378856524132518,59.95136175622119,10.378708503031206,59.95039669966609,Stone,16.1
249,62862f6adf6f190000aefbf1,Dumper  1,10.421878047010868,59.93944471777534,10.422449516835924,59.93900190388402,Stone,22.0
250,62862fadde387f000024152d,Dumper  0,10.393359619968185,59.94589225435301,10.391790589680559,59.94590205562727,Stone,40.0
251,628630ab6b80240000ac5279,Dumper  1,10.4218579465767,59.93947971096742,10.422471145969194,59.93898073935103,Stone,22.0
252,6286311b50472f000018c9f9,Truck  4,10.378193801743457,59.951482462728464,10.322031098764539,59.97762451120331,Stone,15.0
253,628631a2fc4ae40000c74491,Truck  7,10.421377411397156,59.939522233138725,10.321971494853365,59.977496266697614,Equipment,28.0
254,628631c2fdfbce00008e016f,Truck  3,10.378545643131934,59.9513984101369,10.378700044952398,59.95030406973736,Stone,16.1
255,6286320f939def0000698f68,Dumper  0,10.39339958770765,59.945880389026286,10.391852550069345,59.94590190712144,Stone,40.0
256,6286330d7f199c000037f27b,Truck  5,10.378048215071091,59.94935325818131,10.330624748030985,59.9740963010676,Stone,30.0
257,628633a0271bfc00007d1e5b,Dumper  0,10.3934371761593,59.94590935472768,10.391758210288732,59.94589285076013,Stone,40.0
258,6286348c053f8c0000190455,Truck  10,10.373794689191627,59.95316559007083,10.374889690914907,59.951835540029094,Stone,29.0
259,628634c852300300005cee39,Truck  9,10.421346789020873,59.93954248009631,10.322159203794321,59.977657239965104,Stone,30.0
260,62863521d8ae3e0000ee5069,Truck  12,10.378458797107083,59.951456629100115,10.321736528180974,59.976591348604536,Stone,28.0
261,62863530888437000059560f,Truck  11,10.374847849336724,59.952239222215766,10.37468637861108,59.95211446987958,Stone,29.0
262,6286357f38c8de00001fc0c5,Dumper  0,10.393462351480707,59.94589914427506,10.391869547580885,59.94587411441304,Stone,40.0
263,6286359e18a8000000934883,Truck  2,10.421462161111426,59.93949605441594,10.322113736964521,59.97768528805558,Stone,27.2
264,6286362135949c0000e6919d,Truck  8,10.375912816082069,59.95225916430874,10.374581271263908,59.95210701022471,Stone,26.0
265,628636955454280000122cf2,Truck  3,10.378818319429211,59.9513081899165,10.378731559981397,59.95030476089927,Stone,16.1
266,6286369c88817f0000ffea46,Truck  6,10.421382360048547,59.9395404066829,10.323961500021099,59.97919210665805,Stone,28.0
267,62863705119242000043bcb2,Truck  10,10.373619115151325,59.95336201918188,10.374522174721907,59.95210916394582,Stone,29.0
268,6286371b2c9d60000049f5dc,Truck  5,10.37799339742435,59.949378320071794,10.330621143812621,59.97413883922619,Stone,30.0
269,628637ad0164970000cf8c99,Truck  4,10.378834383748094,59.95129873077452,10.322317525199932,59.97759934671641,Stone,15.0
270,628637e2834a860000da71bb,Dumper  0,10.393430497391487,59.945903890085404,10.391933708657868,59.94589635210935,Stone,40.0
271,62863841c71247000010f197,Truck  11,10.374862681677538,59.95223932961069,10.374542435091408,59.95210447223682,Stone,29.0
272,6286389a82842000006e5d7f,Truck  7,10.421346614451277,59.93951701811927,10.322464604767639,59.97750662565185,Stone,28.0
273,6286389eb6a78700004a0df7,Truck  3,10.378793417154517,59.95130106291053,10.378710905324674,59.95024075524775,Stone,16.1
274,628638f98b6adf0000735b44,Truck  8,10.375570458017267,59.95215422713806,10.37450924817704,59.9520949472846,Stone,26.0
275,62863a0a63189b00002d9b7f,Truck  10,10.373548514967124,59.953296863022445,10.374505300052995,59.95209705674235,Stone,29.0
276,62863a4474761b00000abeac,Dumper  0,10.393311564063213,59.945891904831804,10.391763917353154,59.945881801514105,Stone,40.0
277,62863a9f12792800002b62de,Truck  12,10.378536185563599,59.95160054974645,10.321731367380242,59.976574123355135,Stone,28.0
278,62863ae1e8894f0000cb6abe,Truck  11,10.374929737179217,59.952237027460505,10.374520229689962,59.95210689257406,Stone,29.0
279,62863b7e5b784a000017133e,Truck  8,10.375648627650842,59.952081515770196,10.37450619084956,59.952084024605156,Stone,26.0
280,62863bf89a767e0000ca2410,Truck  3,10.37880294492795,59.95134308694296,10.378629585674158,59.95019077438627,Stone,16.1
281,62863c21574b0e0000650a80,Truck  5,10.378120634714493,59.94938510941336,10.330633716667379,59.97415849478913,Stone,30.0
282,62863c33a9c80700008e0ac4,Truck  10,10.373635415189144,59.95330405011853,10.374482493191875,59.95210585426656,Stone,29.0
283,62863c3551a3340000fd2218,Truck  2,10.421343100479556,59.939524500709325,10.322457746200765,59.97781757147973,Stone,27.2
284,62863d02eea6d800007f8d38,Truck  11,10.371789789673398,59.9543486923044,10.374489937278879,59.952106706302416,Stone,29.0
285,62863e4f1def34000074a01f,Truck  4,10.378872719826509,59.951270853578855,10.322384854946412,59.97787580320441,Stone,15.0
286,62863eaa84e2080000ebb1ce,Truck  8,10.37575663504171,59.9520958908385,10.374485960256868,59.952115626037134,Stone,26.0
287,62863f779094b1000020d503,Truck  10,10.373571716121473,59.95324653574555,10.37358900621774,59.95330539277526,Stone,29.0
288,62864004c01da700009b13de,Truck  11,10.374633325962524,59.952390743727626,10.374554410825365,59.95212184092457,Stone,29.0
289,628640dcc0f3570000d67252,Truck  8,10.375807186975521,59.95212317091993,10.374432808797437,59.95210538124241,Stone,26.0
290,6286419c396de00000ef83a8,Truck  10,10.37358900621774,59.95330539277526,10.374456588891722,59.95214498202788,Stone,29.0
291,6286424e0e83810000b9910a,Truck  11,10.374839393034057,59.9522947334418,10.374606910778159,59.952131192328025,Stone,29.0
292,628642e28010e90000aabd91,Truck  8,10.375498920311694,59.95218978467857,10.374530163639506,59.95212469795945,Stone,26.0
293,628643b33d0a8e0000ce19a3,Truck  10,10.37354612072739,59.953303494808765,10.374446314008225,59.952113160427714,Stone,29.0
294,62864454d4ccb20000acb08b,Truck  11,10.37463869641654,59.952421193394,10.374617435399305,59.952126056857935,Stone,29.0
295,62864515d2c10400007b2819,Truck  8,10.3755535360352,59.952158145555295,10.37450910813941,59.952123443396324,Stone,26.0
296,628645ff261ce3000022f9c5,Truck  10,10.37350523323582,59.95327112198319,10.374623550541477,59.95213265838162,Stone,29.0
297,62864656f5f6850000197d23,Truck  11,10.37513919127153,59.95218674343607,10.374465841466904,59.95210626894979,Stone,29.0
298,62864741608b730000b9e680,Truck  8,10.375332357453741,59.95221233373429,10.374524599197935,59.95210558855071,Stone,26.0
299,6286478bb02e730000f53d69,Truck  7,10.331720812932915,59.97444846531178,10.32235038513277,59.97779823016294,Stone,28.0
300,62864806434dcf00003b852a,Truck  10,10.373561354122229,59.95330188803567,10.374498296167967,59.95212965982332,Stone,29.0
301,6286492d4a07090000d82427,Truck  11,10.374620311891858,59.95242993246711,10.374578847431183,59.952110876367605,Stone,29.0
302,628649c8e1f0230000e62ffb,Truck  8,10.37503288387949,59.95227497474538,10.374443930519986,59.95211593799034,Stone,26.0
303,628649fbfa3f440000f1cc53,Truck  7,10.331626150672584,59.974480072967665,10.322337936957974,59.97773340528669,Stone,28.0
304,62864abe4f6d830000299dd5,Truck  10,10.373631110264391,59.95326225514616,10.374569109448798,59.95215174932597,Stone,29.0
305,62864adfc605b00000904059,Truck  6,10.331659628988056,59.97447099419644,10.322277641437893,59.97772481949612,Stone,28.0
306,62864b66a531c00000985018,Truck  11,10.374902146070506,59.952251165150805,10.374583831661164,59.952124253370535,Stone,29.0
307,62864c31adfdbe0000720e2e,Truck  8,10.375733512563988,59.95207685244073,10.374479582492809,59.952129359029044,Stone,26.0
308,62864d0588da8c0000631b7e,Truck  10,10.373818332365683,59.95318826233629,10.374463753648026,59.952139925480566,Stone,29.0
309,62864def33ad7300009216b6,Truck  11,10.375340078287447,59.95205604036623,10.374443232549448,59.95213494325636,Stone,29.0
310,62864ecbf059c80000106c66,Truck  8,10.376033395444749,59.95228886225811,10.37442227356586,59.95213584081875,Stone,26.0
311,62865039818216000039bc42,Truck  10,10.373655205669035,59.95318938069832,10.374445275793093,59.952142381167825,Stone,29.0
312,628650790382c70000cbb88f,Truck  11,10.375099263205497,59.952290564114335,10.374452221014122,59.952127921695315,Stone,29.0
313,6286509abc79140000474e51,Truck  5,10.378020722428689,59.9493830977566,10.330698173502768,59.97402962302787,Stone,30.0
314,62865123c77beb0c8c25049e,Truck  13,10.3789719,59.95133,10.322321,59.9777629,Stone,30.0
315,628651b62a2e340000be7852,Truck  8,10.375933865344194,59.95209782248261,10.374522360847317,59.95215703124083,Stone,26.0
316,6286526fab0b3b0000b732f1,Truck  4,10.378002391023866,59.95170657208145,10.378302876736548,59.950653635396165,Stone,15.0
317,62865284b9d89400005bb694,Truck  9,10.421380113248524,59.939512398062824,10.322356924397283,59.977797785859586,Stone,30.0
318,628653344e53600000329c89,Truck  12,10.378573068333997,59.95146163503839,10.321723341409797,59.97655935393384,Stone,28.0
319,62865350ec0de00000ec898c,Truck  11,10.37478556526983,59.95230617563565,10.374442303222981,59.95214144434939,Stone,29.0
320,628653a5f2c17d0000636f39,Dumper  1,10.421686264750027,59.93947429312492,10.422472666166183,59.93899934830428,Stone,22.0
321,628654085c620c0000fddf95,Truck  10,10.374675936890869,59.95199341982432,10.374739422856988,59.95192940545459,Stone,29.0
322,62865460737f13000063ab35,Truck  8,10.375706040277807,59.95210671828729,10.374465149726948,59.952165141702885,Stone,26.0
323,6286549b6f2b0300007f2a95,Truck  3,10.378779163239383,59.951394057266555,10.378709468393623,59.95017243469066,Stone,16.1
324,6286554851d38e0000f71aea,Dumper  1,10.420387078082078,59.93947938284566,10.420853277988535,59.93967990138278,Stone,22.0
325,62865555cdcbc70000c90c50,Truck  4,10.378744064287822,59.9513657890505,10.378654802725944,59.95014173209635,Stone,15.0
326,6286555e49b6420000ea5316,Truck  2,10.421307231138858,59.93952199974432,10.322313040629327,59.9777458993851,Stone,27.2
327,628655b2674a7200004b67a0,Truck  10,10.373669927201764,59.95318857314663,10.32224313326634,59.97773678245913,Stone,29.0
328,6286563a3b0f9d0000e9e631,Truck  3,10.378698715590032,59.95135030229695,10.378695217003473,59.95013504326265,Stone,16.1
329,62865687f61060000000acea,Dumper  1,10.41902076818525,59.93986849878598,10.422467237984902,59.93898849482524,Stone,22.0
330,6286568d8eea8a0000b27310,Truck  11,10.374866205361954,59.95220635800528,10.374460085176258,59.95217098491276,Stone,29.0
331,628656d4829bd30000c44f1d,Truck  5,10.378093058253059,59.949370231535234,10.330574791888083,59.97410732327027,Stone,30.0
332,6286582477fe7c00003b66e4,Dumper  1,10.417450570742732,59.940275672312836,10.420823565897336,59.93969306628882,Stone,22.0
333,6286582aa499ec0000937044,Truck  3,10.37960008476099,59.9486455988668,10.429788319946386,59.93786017529728,Stone,16.1
334,6286583ed4ac390000302b66,Truck  4,10.37874383239304,59.95138520330306,10.378640199050444,59.95016820103292,Stone,15.0
335,6286584af919fa00008a25e8,Truck  8,10.375275682986336,59.952214540050086,10.32474415481185,59.97702539865682,Stone,26.0
336,628658ad90060d00009948f6,Truck  6,10.421325918555926,59.93952792461859,10.322096482807918,59.977648909959164,Stone,28.0
337,628658f9c77beb0c8c251819,Truck  13,10.3788956,59.9513991,10.322133,59.9776682,Stone,30.0
338,6286596c4085cd0000fad05c,Dumper  1,10.419024983403114,59.9398669510355,10.420834532635979,59.939778344266834,Stone,22.0
339,628659bf816b770000ca2d3b,Truck  9,10.42132779931132,59.939519009514754,10.32228305980252,59.97758819585808,Stone,30.0
340,62865a3167d0be00000da742,Truck  12,10.377883741030585,59.951722535317735,10.322036948431858,59.977648605889755,Stone,28.0
341,62865ab97fa9470000a8ce0c,Truck  14,10.421398877236957,59.93948412365012,10.322345394149599,59.97746588138878,Stone,28.0
342,62865b73c8099f0000d3182e,Truck  4,10.378704563203078,59.95138222741728,10.378691392705953,59.95013236987886,Stone,15.0
343,62865b90844cd8000001eaf7,Truck  5,10.378096159557233,59.949403717238404,10.330591723332489,59.97418598743153,Stone,30.0
344,62865cb76f6ef30000e24780,Dumper  1,10.420649901367323,59.93973985673855,10.422442228801987,59.93899424390414,Stone,22.0
345,62865d353b692100000df7c7,Dumper  0,10.393877823154094,59.94587053950871,10.39179022042843,59.945895464165105,Stone,40.0
346,62865d87ac16b70000a3549f,Truck  2,10.421311017929456,59.939527657876404,10.320658455086205,59.97805756828588,Stone,27.2
347,62865df2f3f9790000833935,Truck  7,10.421334007272188,59.93951445114133,10.321972124601729,59.97764894737923,Stone,28.0
348,62865e1347c9b20000447a78,Truck  4,10.3787590112781,59.95137465281281,10.378702993106774,59.95021980810762,Stone,15.0
349,62865e15ca231500007b302d,Truck  3,10.379571106276103,59.948639219355556,10.429570345887118,59.93797529045776,Stone,16.1
350,62865f014baeb20000eb902c,Truck  12,10.378496371469769,59.95159626064734,10.321924929742265,59.97761003779352,Stone,28.0
351,62865f51beef6900005b788b,Dumper  1,10.420662399257997,59.93971741075004,10.422486463948959,59.938965459286784,Stone,22.0
352,62865fbb29331d000040c6cb,Truck  5,10.378107810402641,59.94935992179433,10.33058342524835,59.974219850320345,Stone,30.0
353,6286601d20fe900000c3cd97,Dumper  0,10.395117701340991,59.945898922653896,10.391579266183022,59.94584815529005,Stone,40.0
354,6286605d6365e40000fa9da1,Truck  4,10.378728710634663,59.95135453671559,10.378696730437614,59.9501042274284,Stone,15.0
355,628660e4b236080000869101,Truck  6,10.421834384513845,59.93948963261755,10.322297850501695,59.97750987765134,Stone,28.0
356,62866146c77beb0c8c252f69,Truck  13,10.3787759,59.9513921,10.3220007,59.9775753,Stone,30.0
357,62866237c8ebf20000984506,Truck  9,10.421323476491544,59.939511472926924,10.322032969928674,59.977662793301846,Stone,30.0
358,628662780046e9000064df6c,Dumper  0,10.395200373274387,59.945871514860954,10.391585611989221,59.94583400018333,Stone,40.0
359,628662924a96360000c8ffa6,Truck  4,10.378744834155535,59.951343729013665,10.378724350664388,59.950080569178645,Stone,15.0
360,628663000e1fba0000715449,Dumper  1,10.420672112325855,59.93971732953289,10.42245813702925,59.9389702287429,Stone,22.0
361,628663b46f402e0000178bca,Truck  14,10.421361206276465,59.939485167495214,10.32065496593285,59.977905669342874,Stone,28.0
362,6286647571caf4000022d12b,Truck  3,10.377982494177488,59.95167974822172,10.378739809603651,59.95009405115254,Stone,16.1
363,6286648a4c76f500001c97d4,Dumper  0,10.395222032729011,59.94586061595796,10.391611106348149,59.94584470379539,Stone,40.0
364,62866541bae3270000fd5448,Truck  12,10.377910588920704,59.951685097656835,10.322167236875156,59.977751580766615,Stone,28.0
365,628665e485e4fe00000cffe7,Dumper  1,10.420658346021048,59.93976051914053,10.42244794670929,59.93897725136426,Stone,22.0
366,62866618becfbb0000da5c06,Truck  5,10.377858281145224,59.94942982686678,10.330642014751518,59.97414986142886,Stone,30.0
367,62866689a31f1800003743c6,Truck  4,10.378729031101917,59.95136716490539,10.378756050578586,59.95008693621248,Stone,15.0
368,6286669023fcef0000389e3b,Dumper  0,10.395175741681252,59.945842135411134,10.391574900149145,59.945831389962706,Stone,40.0
369,6286669576d8ff0000cf9d5b,Truck  2,10.421388888666463,59.939523972480536,10.322272567823836,59.97773384541189,Stone,27.2
370,6286673c56661900000b107c,Truck  3,10.378683481927316,59.95137278576531,10.378734351745868,59.950093748718935,Stone,16.1
371,62866816c77beb0c8c2543fa,Truck  13,10.3788032,59.9513801,10.3222568,59.9777017,Stone,30.0
372,6286683af577d2000031af1f,Truck  6,10.421859125445565,59.939502993588725,10.322481738826465,59.97763088157477,Stone,28.0
373,6286689a2090530000eab473,Dumper  1,10.421585050370934,59.939465649073746,10.422273867985398,59.9390369023693,Stone,22.0
374,628668a41a668a000064a1ae,Truck  5,10.330612342814291,59.974124338533706,10.33128272742995,59.97502983553333,Stone,30.0
375,628668bf4b9c3900004fa063,Dumper  0,10.395217419300053,59.94587825391441,10.391508337289805,59.94581904987045,Stone,40.0
376,628669417cec17000075a181,Truck  4,10.378726658494761,59.95137151594412,10.378791824776535,59.95005282673291,Stone,15.0
377,6286695c933ed10000789ee8,Truck  9,10.421780086646562,59.939532163417944,10.322293652954286,59.97777587205815,Stone,30.0
378,6286696986b54d0000e360fb,Truck  7,10.322306823934811,59.97764415381311,10.322313485000244,59.977638611639314,Stone,28.0
379,628669f92f4a0e0000b35f65,Truck  3,10.378748399297779,59.95136631658554,10.378796094039574,59.95009569381074,Stone,16.1
380,62866a9e8f6c0e0000593492,Truck  14,10.421302738429377,59.939505270245185,10.326853142167472,59.975958249425574,Stone,28.0
381,62866af65527e10000938b74,Dumper  0,10.395180821321366,59.94585248708386,10.3916153184923,59.94584695142678,Stone,40.0
382,62866b17ce51330000c18166,Truck  4,10.379496399412098,59.94868858382682,10.374353853996228,59.95257265426443,Stone,15.0
383,62866c36f418bd00002e0b0f,Truck  12,10.378166690817604,59.95148983479659,10.32243292970242,59.977822615409536,Stone,28.0
384,62866cd324782c000004c621,Truck  4,10.379267712850128,59.9487463737778,10.374527423368015,59.952723309354525,Stone,15.0
385,62866cf1858f700000ae619b,Truck  7,10.421262373758589,59.93953761591406,10.322460665443446,59.97760999128739,Stone,28.0
386,62866d378a114d0000b7c6ff,Dumper  0,10.395200916737002,59.9458597788453,10.391464152461992,59.94579879995939,Stone,40.0
387,62866d6fd083630000b8f4a7,Truck  3,10.37867095489795,59.95123239220939,10.378715830934318,59.950169978903894,Stone,16.1
388,62866d76057e2400005491b1,Truck  5,10.377871608371267,59.949401789400675,10.330733628953183,59.974117465373105,Stone,30.0
389,62866dfc150d8100003e036a,Truck  4,10.379321428856974,59.948786197864955,10.374553007247805,59.95260774893521,Stone,15.0
390,62866e16cac0de000047ef3a,Truck  11,10.421460223758402,59.93953668554038,10.322321717481678,59.97779399780896,Stone,29.0
391,62866e577d95d60000057161,Truck  8,10.378677200858755,59.95139967830316,10.322327909817126,59.977842951599676,Stone,26.0
392,62866f482403e40000526383,Truck  10,10.421317407013175,59.93951118551312,10.322255003004438,59.97777126018056,Stone,29.0
393,62866f91f102fe0000b702f3,Dumper  0,10.395207675218288,59.945885014999654,10.391383038067232,59.94581908721484,Stone,40.0
394,62866fb6c77beb0c8c255c5c,Truck  13,10.3787333,59.9514357,10.3212636,59.9780249,Stone,30.0
395,62866fba9b88f000002ec69f,Truck  4,10.379376406773845,59.948781092421925,10.374555043294883,59.95266274615464,Stone,15.0
396,628670087294eb0000474cf2,Truck  2,10.421244672185136,59.939515712229316,10.322470043131505,59.977605848602074,Stone,27.2
397,628670b6b9fefa0000737bb2,Dumper  1,10.419017043240352,59.93986919111776,10.420797943543484,59.93967728184401,Stone,22.0
398,628671219e8cec0000570329,Truck  4,10.379352161335134,59.94880569975039,10.374675235753415,59.952639659747106,Stone,15.0
399,628671e2e5e65d0000d7faca,Dumper  1,10.417407213845449,59.940293609408826,10.422443340408288,59.93898202491822,Stone,22.0
400,628672030592f300007b8882,Dumper  0,10.395130872323909,59.94586239027492,10.391524471768275,59.94581497769655,Stone,40.0
401,6286720954df11000083996c,Truck  9,10.421279864865168,59.93955055249504,10.32214665340528,59.97771183600546,Stone,30.0
402,62867255fdbd5e0000803ce4,Truck  5,10.377925755465755,59.94937563786278,10.33063380048641,59.9741444131918,Stone,30.0
403,628672672a2a4f0000f438f3,Truck  14,10.42127348594383,59.93953692272408,10.322418864520182,59.97749034920695,Stone,28.0
404,628672bddddc440000d51535,Truck  12,10.378666795116487,59.95139684384799,10.322082731299103,59.97768442232478,Stone,28.0
405,6286738931d493000095df3b,Truck  6,10.421184864039049,59.93953139368931,10.321991989782507,59.97765818388281,Stone,28.0
406,628673ec6412a10000bd115d,Truck  4,10.377857808752019,59.951777417991686,10.378790995743218,59.950072915379,Stone,15.0
407,628674597b3fb900003fe645,Dumper  0,10.395154952709298,59.94586423815337,10.391452062565056,59.94580265495632,Stone,40.0
408,628674af84e9740000624b42,Dumper  1,10.42189857288483,59.939473638943404,10.42244999648355,59.93898118550296,Stone,22.0
409,6286759a4b7c960000171937,Truck  4,10.378741636045943,59.9513819029132,10.378796932539274,59.95003043672289,Stone,15.0
410,6286766dc77beb0c8c256e23,Truck  13,10.3787696,59.9514463,10.3220144,59.9776559,Stone,30.0
411,6286767cfe7cae000010b491,Dumper  1,10.421758391213418,59.93948101452955,10.422443108493002,59.93894149666318,Stone,22.0
412,628676d37a6f190000e49769,Dumper  0,10.3951894893222,59.94584938441656,10.390377939286354,59.94644474988499,Stone,40.0
413,62867776ad6e310000749976,Truck  4,10.378754158529542,59.951384750106655,10.378827013231469,59.95002235096162,Stone,15.0
414,62867797b5107d0000775a70,Truck  5,10.378007479021678,59.949400574024715,10.330553082758868,59.97423389000816,Stone,30.0
415,6286780156249100002e6914,Dumper  1,10.421797292492656,59.939491245078614,10.422497852651944,59.93888105348831,Stone,22.0
416,62867803f8fa3e0000e97edd,Truck  2,10.375409694702112,59.951912851366814,10.374634866765645,59.952098304220584,Stone,27.2
417,62867846bbafa700001823a0,Truck  9,10.377920577546586,59.951653405517,10.32188177718895,59.97762695553275,Stone,30.0
418,6286790eb75eb800005c881e,Truck  4,10.379584751840923,59.94866218095268,10.375011312416989,59.95257398603694,Stone,15.0
419,628679266f711e0000a18d3b,Truck  14,10.37468683247291,59.95229490618946,10.321911182771329,59.97759493660766,Stone,28.0
420,6286797c2b6d6800004ee1c1,Truck  7,10.322016389765677,59.97762314843598,10.374483563781556,59.95239911232531,Stone,28.0
421,6286797ff763040000c04bc4,Truck  12,10.378664887973727,59.95141489181036,10.321936287126862,59.97763394406885,Stone,28.0
422,628679f0836964000068d780,Truck  2,10.375381378915614,59.95213159842652,10.374636149607523,59.95213500580628,Stone,27.2
423,62867a2c75819700000753c0,Dumper  0,10.395176161143242,59.94586493195903,10.391328030018494,59.9458338018181,Stone,40.0
424,62867b0a02c653000019e7ae,Truck  6,10.375360836914037,59.95178460329879,10.374493796591274,59.95215493495839,Stone,28.0
425,62867b78c77beb0c8c25800c,Truck  13,10.3787604,59.951404,10.3218476,59.9776561,Stone,30.0
426,62867bb74495a900008c0a24,Truck  11,10.419297837951365,59.93976895678157,10.42059160551954,59.93971227398357,Stone,29.0
427,62867c31e5b84c0000064901,Truck  2,10.375182208648777,59.95208811841433,10.321848840672368,59.97765500627761,Stone,27.2
428,62867c39a8be1d0000d1f667,Truck  7,10.374483563781556,59.95239911232531,10.322774617413474,59.977344156609846,Stone,28.0
429,62867c73a04c9b0000e36943,Dumper  0,10.395147548033858,59.94587701144154,10.390371368337311,59.946434998748714,Stone,40.0
430,62867c82d65813000009e6e2,Truck  8,10.419138642149106,59.93986203251447,10.41736061728513,59.94018791945185,Stone,26.0
431,62867d5ace2d7200001e112a,Truck  10,10.41691223790681,59.94024258950813,10.4206199193064,59.93971200154109,Stone,29.0
432,62867d787770e50000349608,Truck  6,10.375413632669533,59.95176103771396,10.322254914940313,59.9776525040408,Stone,28.0
433,62867deb4e1da800006ba931,Truck  9,10.378689686204888,59.95139252791822,10.322562565790152,59.97769725358048,Stone,30.0
434,62867ea8c3b34c00006162a9,Truck  5,10.378085179264078,59.949387204889156,10.330501617873395,59.974184227231866,Stone,30.0
435,62867ed82e661300007284e0,Truck  4,10.379307721413438,59.948750287505156,10.325218962438012,59.977383124183724,Stone,15.0
436,62867eea7d8e7000004dd3e2,Truck  11,10.419184522281753,59.93983488828849,10.420575912435154,59.93969174679394,Stone,29.0
437,62867f07c8bf38000014a91d,Truck  14,10.374435162394313,59.952387994111874,10.322100363324253,59.977731918374374,Stone,28.0
438,62867f1af42d7d00005527b9,Truck  12,10.377990186549718,59.951755697660914,10.322027409299197,59.97766602012184,Stone,28.0
439,62867f9ec755c60000718ecb,Truck  8,10.41916024703436,59.93984956840866,10.420372429418812,59.93975927235771,Stone,26.0
440,6286807b4fb74a0000e3aede,Dumper  0,10.395164713941567,59.94587373874762,10.391391428391122,59.94580032889892,Stone,40.0
441,628680a76fe40e000044b8b8,Truck  10,10.417687451913384,59.94026962855726,10.420655241873044,59.939715949706056,Stone,29.0
442,628681747439c300005be26c,Truck  11,10.417551925772907,59.94025938381532,10.42059791516498,59.93970194067794,Stone,29.0
443,6286824f1faac30000c49eac,Truck  8,10.417568413232885,59.94026281440656,10.420695079209898,59.93972046301691,Stone,26.0
444,628682852f630900000ae678,Dumper  0,10.39516867582384,59.945864091606296,10.391361060367661,59.945800935412265,Stone,40.0
445,628683314d08140000e1c46e,Truck  10,10.417462300856162,59.94029389875173,10.42065473615798,59.93973933819392,Stone,29.0
446,628683e57ddd560000e3e578,Truck  11,10.419178133194418,59.93983860544669,10.420610494969404,59.939708353365816,Stone,29.0
447,628684df3196250000910ce4,Truck  8,10.41916051887563,59.9398492449972,10.420610742267483,59.93972689022922,Stone,26.0
448,628685dc33f2b90000a9746c,Truck  10,10.417532549174277,59.94014587205648,10.420628887617019,59.939737197342424,Stone,29.0
449,628686c7fba8e000001a55be,Truck  11,10.419206627018669,59.93982202969788,10.420568742148228,59.939729836942966,Stone,29.0
450,628687c50df0a00000234745,Truck  8,10.419169812672354,59.93984395363042,10.420653540149306,59.93973096040895,Stone,26.0
451,62868886f21d3c000015089c,Truck  10,10.417358100550842,59.94015409022732,10.420656708744366,59.939740940930406,Stone,29.0
452,6286894018c0790000f597aa,Truck  11,10.41747479866546,59.94010353363353,10.420630347647856,59.939741913032265,Stone,29.0
453,62868b8b180bfb00004dd7e2,Truck  12,10.331364949799031,59.97472173052151,10.330810574150066,59.97459347025438,Stone,28.0
454,62868baf789f190000f8e5cc,Truck  8,10.419207596918783,59.93982520437846,10.420724610889776,59.93971202655185,Stone,26.0
455,62868c2df7eeca00003239f9,Truck  7,10.331947763496935,59.97463165107226,10.33130370530354,59.97459203578948,Stone,28.0
456,62868cea9040c00000fb9b7d,Truck  6,10.331533675936411,59.97462065595827,10.331347807273348,59.97473746001448,Stone,28.0
457,62868cf07becae000071c54d,Truck  10,10.417462233169962,59.940156868804564,10.42068694878997,59.93969423254629,Stone,29.0
458,62868d5d877ffd0000f16535,Truck  11,10.417383999666903,59.94013649213422,10.420629189415727,59.93968572113525,Stone,29.0
459,62868e1f85e1a900000ea915,Truck  7,10.331552837110404,59.97470775827674,10.331268462046769,59.97462189977374,Stone,28.0
460,62868ed8e896b800009d0943,Truck  8,10.419159929678312,59.93984932666513,10.42076207692519,59.93969952405091,Stone,26.0
461,62868f83c07a11000037b77e,Truck  10,10.417325801659231,59.94018934802352,10.420697122366295,59.939715140172574,Stone,29.0
462,628690582bd39000007d8ad0,Truck  11,10.419245117530803,59.939799631484306,10.420649052211687,59.93970044066159,Stone,29.0
463,6286905b88ab720000055ecb,Truck  12,10.331366767370964,59.97473288343827,10.331228752199852,59.974593038631944,Stone,28.0
464,6286912af5a8530000c5a320,Truck  7,10.331357268100065,59.97473675203411,10.331321822567478,59.97463139699235,Stone,28.0
465,6286920876ee750000ac0103,Truck  12,10.331368680823513,59.974723434003565,10.331097923310702,59.97466064484484,Stone,28.0
466,62869281420ed70000d379eb,Truck  10,10.417526231484429,59.940169355983414,10.420647009112676,59.939719487133566,Stone,29.0
467,628693025391ae0000dfe27f,Truck  7,10.33135310778574,59.9747390568607,10.330896618669945,59.974627058146076,Stone,28.0
468,628693314f69e9000092d2b3,Truck  11,10.417417353199586,59.94016764217996,10.420673113475942,59.93972337047327,Stone,29.0
469,62869436dbc59f00008606f0,Truck  8,10.419151118326937,59.939854821440775,10.417418302457008,59.940147817166796,Stone,26.0
470,628694a8968b53000015f800,Truck  12,10.331595855816667,59.97471233337752,10.330886038883868,59.97462283469247,Stone,28.0
471,628694d4565c4100008866de,Truck  10,10.417481734958868,59.94015479730361,10.4206909360328,59.93971560355276,Stone,29.0
472,62869563edaffd0000ce0550,Truck  11,10.419205759866468,59.93982254248971,10.420711304163412,59.939725059058716,Stone,29.0
473,628696b853b51c00005c5249,Truck  6,10.331403941821854,59.97469834346534,10.330890659354344,59.97463429127101,Stone,28.0
474,6286972b56dd9f0000f69d75,Truck  7,10.330891128854528,59.97462770349261,10.330882216233029,59.974631377992445,Stone,28.0
475,62869777b783450000f03cff,Truck  12,10.331367631855336,59.974723754000486,10.330899473224878,59.974603137912325,Stone,28.0
476,628698335a500700003c9a06,Truck  7,10.33134078706703,59.97474719130041,10.330931304037653,59.97460235044316,Stone,28.0
477,62869861de1efd00003b9926,Truck  8,10.420747952938857,59.93973516858791,10.420738707467704,59.939731967798245,Stone,26.0
478,628698c5c491e00000bab40a,Truck  11,10.419206751495336,59.939821954272766,10.420732897260184,59.93971924550461,Stone,29.0
479,6286990036bc1400009b9e26,Truck  6,10.331365312507799,59.97472709699718,10.330848979209975,59.97460371924847,Stone,28.0
480,62869928d8049e00006f24d4,Truck  10,10.420672006770154,59.939748295966936,10.420658842236158,59.939745859705546,Stone,29.0
481,628699d0091b28000084d0b8,Truck  8,10.417389962323027,59.94016108693965,10.42072951195241,59.939676918418265,Stone,26.0
482,628699ff3551ad00007894f2,Truck  12,10.331595009576684,59.97470459561662,10.330845081774896,59.97458888623213,Stone,28.0
483,62869a8737847d0000215733,Truck  7,10.33135186324704,59.97473976983238,10.33085365700751,59.974595865907354,Stone,28.0
484,62869aa8b1e7b60000761142,Truck  10,10.417456164552647,59.9401081770386,10.420698521274197,59.93969564899308,Stone,29.0
485,62869b1255a62a0000eb5579,Truck  11,10.417587345500445,59.94011469639321,10.420765407389847,59.939728709850414,Stone,29.0
486,62869b59aa21f900008cf0f8,Truck  6,10.331353304370941,59.9747343884515,10.330918004016379,59.974593332211455,Stone,28.0
487,62869c234328ff000059b712,Truck  12,10.331435995102936,59.974717693307056,10.330895384682327,59.974567453144104,Stone,28.0
488,62869c8d9da6dc0000200619,Truck  8,10.4191733851324,59.93984920315351,10.322117381314918,59.97781592388106,Stone,26.0
489,62869d1680813000008addc1,Truck  7,10.331629154862032,59.97471755586717,10.33094179574813,59.97458920354153,Stone,28.0
490,62869df9f3fa530000b6bbb7,Truck  6,10.331323325891697,59.974750718970114,10.330965282139994,59.97463174443083,Stone,28.0
491,62869f1cbe657f0000b8cd7d,Truck  12,10.331612643877952,59.97470195911105,10.330980683608933,59.97456133522486,Stone,28.0
492,6286a07cc52e5800006137c3,Truck  7,10.331354241163822,59.97473836564258,10.322326417778681,59.97786754171149,Stone,28.0
